QMD,
Energy (MJ/Kg),Tempurature (K)
11.21593291,10000
24.00419287,15106.38298
32.1802935,17943.26241
45.28301887,25035.46099
