QMD,
Energy (MJ/kg),Temperature(K)
6.039915966,6071.428571
8.350840336,10000
11.8697479,15000
16.33403361,20035.71429
21.06092437,25035.71429
