QMD,
Energy (MJ/kg),Temperature (K)
11.48981779,10093.45794
15.51982851,15046.72897
20.79314041,20046.72897
26.66666667,25000
32.62593783,30046.72897
47.2454448,40046.72897
