QMD,
Energy (MJ/kg),Temperature(K)
17.19260065,10000
22.28509249,12517.7305
25.41893362,15000
28.29162133,17517.7305
32.20892274,20035.46099
40.82698585,25106.38298
