QMD,
Energy (MJ/kg),Temperature (K)
1.931166348,9964.285714
7.07456979,15000
10.15296367,20035.71429
11.51051625,21991.07143
13.70936902,25017.85714
17.47609943,30000
