QMD,
Energy (MJ/kg),Temperature (K)
17.45323129,9883.040936
22.18331046,14912.2807
25.85058877,20000
30.19789056,24970.76023
34.71538469,30000
44.72813979,40000
